,username,time,sentiment,surprise,sadness,disgust,happiness,anger,like,fear,content,location,gender
0,杨匪匪匪,6/14/2016 16:02,sadness,0.093479663,0.181262627,0.16359365,0.178812668,0.150423929,0.157345846,0.075081557,瘦肉粥 ,其他,f
1,杨匪匪匪,7/4/2016 8:26,sadness,8.03e-07,0.997929335,2.43e-05,0.000906062,3.8e-05,0.000996605,0.000104839,“有情不必终老，暗香浮动恰好。” ,其他,f
2,杨匪匪匪,7/15/2016 9:19,sadness,0.000219457,0.669955909,0.015575868,0.310421944,0.000330676,0.003455587,4.05e-05,“你告诉我肉有多好吃以后，我就当不了小和尚了。可是你转身离开，告诉我这样才算是修行。” ,其他,f
3,杨匪匪匪,7/18/2016 0:17,happiness,0.002000568,0.003123864,0.00745586,0.963932037,0.001883544,0.021159898,0.000444173,太美的承诺只是因为还没开始煎。 ,其他,f
4,杨匪匪匪,7/20/2016 11:31,happiness,0.000712942,0.000389208,0.001545981,0.922510564,0.000149364,0.074533686,0.000158242,“让我偷偷看你，在你回眸的微风里” ,其他,f
5,杨匪匪匪,9/3/2016 17:34,anger,0.000660511,0.342182755,0.00559726,0.000758788,0.649941325,0.000587205,0.000272153,什么玩意 ¡查看图片,其他,f
6,杨匪匪匪,9/4/2016 19:34,like,0.016174722,0.098753758,0.21344009,0.194516048,0.099922873,0.320780694,0.056411836,黄昏。 ,其他,f
7,杨匪匪匪,9/6/2016 17:08,sadness,1.39e-05,0.921635985,0.020479953,0.013630966,0.044046305,0.000168865,2.4e-05,“这人生似死水一潭，唯你是惊波微澜” ,其他,f
8,杨匪匪匪,10/16/2016 14:11,sadness,0.001122318,0.874429166,0.004601359,0.005399558,0.000692132,0.113321096,0.000434366,有时候感觉自己活得失败 那些锁骨放硬币 胸托手机 还有A4腰 我一个都不行 我除了长得好看 一无是处 ,其他,f
9,杨匪匪匪,10/29/2016 12:41,anger,0.000279831,0.231392831,0.002109121,0.00299098,0.727481246,0.035667129,7.89e-05,这三个作者好鬼畜啊 ,其他,f
10,杨匪匪匪,11/5/2016 19:09,like,0.032981023,0.184242129,0.021316046,0.142433763,0.067128293,0.524089873,0.027808851,父爱如山 ,其他,f
11,杨匪匪匪,11/8/2016 16:27,sadness,0.00148298,0.514977455,0.021579398,0.41759187,0.025826685,0.013912654,0.004628934,分享图片 ,其他,f
12,杨匪匪匪,11/11/2016 19:51,happiness,0.000130632,8.84e-05,0.000244387,0.984463692,0.006001834,0.009056029,1.51e-05,成功被淘宝认为是有钱人 ,其他,f
13,杨匪匪匪,11/15/2016 11:02,happiness,0.000510593,0.061596133,0.000433598,0.870283723,0.04473957,0.02220287,0.000233571,好漂亮 ,其他,f
14,杨匪匪匪,11/18/2016 20:08,happiness,0.012674561,0.001453735,0.041129094,0.637837231,0.031061038,0.274976283,0.000868136,我学会了一个情绪管理的方法在玩王者荣耀的时候敷面膜 ,其他,f
15,杨匪匪匪,11/18/2016 22:39,sadness,0.020404914,0.715896964,0.082200624,0.010145214,0.031719193,0.137174323,0.00245881,偶尔会怀疑2000粉丝是别人偷偷给我买的僵尸粉 ,其他,f
16,杨匪匪匪,12/6/2016 18:26,anger,0.000362985,0.047987979,0.140285149,0.005100867,0.784351528,0.021796936,0.000114647,一周多没上微博微博自动给我关注了一群美容博主 ,其他,f
17,杨匪匪匪,12/17/2016 10:15,happiness,2.94e-06,8.48e-06,0.000194988,0.999400377,1.17e-05,0.000380615,9.11e-07,土嗨的真谛 ,其他,f
18,杨匪匪匪,1/17/2017 21:00,anger,0.004446444,0.027736012,0.032299474,0.020498365,0.71254909,0.202239543,0.000231092,微博的用处对我而言就是看撕逼吧 ,其他,f
19,杨匪匪匪,1/18/2017 10:44,happiness,0.00024759,0.000257085,0.000601369,0.990679085,1.17e-05,0.007800581,0.000402558,感动中国！ ,其他,f
20,杨匪匪匪,1/19/2017 23:19,sadness,0.000373516,0.965987563,0.000701872,0.022942999,0.00962304,0.000341107,2.99e-05,每次听见别人装逼而我不得不听的时候。我就会深深的皱眉，抿嘴。然后啧一下。说“我感觉我做不到你这样”每次都能撑过去。后来工作，面对老板。加台词“我感觉以您的魄力，做到这样很容易”...展开全文c,其他,f
21,杨匪匪匪,1/27/2017 23:11,happiness,0.026119128,0.097376429,0.010538192,0.676387668,0.157556623,0.018281357,0.013740578,两首情歌都是男男对唱 ,其他,f
22,杨匪匪匪,1/30/2017 16:11,anger,0.001040992,0.488177568,0.01324057,0.00139934,0.492885858,0.003243088,1.25e-05,为了迎合他人而做出的三观这种三观又叫“群众怎么观 我就怎么观” ,其他,f
23,杨匪匪匪,1/30/2017 22:17,anger,0.002228398,0.06636098,0.031405646,0.004815985,0.888655066,0.004166025,0.002367891,听完我要废了 ,其他,f
24,杨匪匪匪,1/31/2017 21:43,happiness,0.008053961,0.025636278,0.140964448,0.301825762,0.227700755,0.295553982,0.000264823,希望在过十年你们一个个的结婚的和我晒娃结婚不想要孩子的 天天烦我给我秀恩爱而不婚主义的能经常发各个国家的定位...展开全文c,其他,f
25,杨匪匪匪,2/1/2017 0:01,sadness,0.003881234,0.621376932,0.112351961,0.015936488,0.228363127,0.010028701,0.008061538,不爱钱财的美少女人设失败了我很难过 ,其他,f
26,杨匪匪匪,2/1/2017 14:10,anger,2.52e-05,7.75e-05,0.000435576,0.000263436,0.999167681,3.02e-05,3.33e-07,我妹看完三生三世哭了说毁了原著我想安慰一下她我说你原著也是抄袭的彼此彼此吧...展开全文c,其他,f
27,杨匪匪匪,2/1/2017 18:40,disgust,0.025892098,0.010491368,0.872514009,0.0095352,0.070418946,0.010538437,0.000610045,发个自拍只露眼睛必戴口罩的人除了下半张脸缺少可能就是丑了 ,其他,f
28,杨匪匪匪,2/1/2017 23:16,happiness,0.000624102,0.088882968,0.083218537,0.487614453,0.002037704,0.336591572,0.001030646,新年新愿望，希望野鸡少上网。 ,其他,f
29,杨匪匪匪,2/2/2017 9:58,anger,0.002975997,0.031717859,0.436361343,0.008349605,0.507424653,0.013042892,0.000127643,全国就这么几个校草你这就占了三让不让人活了 ,其他,f
30,杨匪匪匪,2/2/2017 19:44,happiness,0.008360122,0.230334073,0.029130695,0.588268697,0.109140053,0.034659658,0.0001067,关注挺久的美少女居然卖三无美瞳了痛心取关 ,其他,f
31,杨匪匪匪,2/3/2017 21:33,happiness,0.03275191,0.21359092,0.106243894,0.502579987,0.041700371,0.100057021,0.003075966,真是一个实诚的男人 ,其他,f
32,杨匪匪匪,2/3/2017 22:03,anger,0.00099753,0.238506451,0.007249597,0.001416908,0.746548951,0.000407857,0.004872674,韩剧和韩国电影真的是两个极端前者给你造一个你能想象出来最完美的梦。后者能把你从梦里拽出来摔进现实的铁墙除了无助还有绝望 ,其他,f
33,杨匪匪匪,2/4/2017 18:39,happiness,0.256982684,0.029646514,0.009727675,0.575554729,0.10398183,0.021905994,0.002200639,丑猫捕获我的少女心 L秒拍视频 . ,其他,f
34,杨匪匪匪,2/6/2017 20:33,happiness,0.022244995,0.001367159,0.013407782,0.960000575,0.0006487,0.002048706,0.000282101,聪明人和蠢人都活的挺开心最怕的就是两者之间的那些人对自己的处境有清楚的认知甚至也知道谁好谁坏却没有能力去从泥泞里走出去有小聪明却不够为人处事被人欺辱 心里明镜一样...展开全文c,其他,f
35,杨匪匪匪,2/8/2017 23:36,anger,0.081718117,0.325234681,0.089066714,0.049455944,0.337089598,0.010214173,0.107220784,胡桃第一次对我喵了一声我差点哭出来🙇🏻‍♀️ ,其他,f
36,杨匪匪匪,2/18/2017 13:15,happiness,0.003493146,0.051053297,0.014752676,0.814555526,0.039023731,0.076621912,0.000499708,希望你遇到的都是好人如果很不幸遇到了坏人请你等等我我拯救完世界就去爱你 ,其他,f
37,杨匪匪匪,2/18/2017 21:10,anger,0.059783913,0.046034779,0.041090239,0.300155699,0.332816988,0.194560885,0.025557512,卷珠帘 ,其他,f
38,杨匪匪匪,2/20/2017 19:57,happiness,0.00020724,0.00011391,0.000147942,0.98080951,0.003385376,0.015332086,3.86e-06,咱们这些普通家庭的普通孩子要吃的苦一分不差的在那里等着咱们 ,其他,f
39,杨匪匪匪,2/23/2017 19:18,happiness,2.86e-05,0.002212496,4.18e-05,0.996355891,0.000995029,0.000358089,8.15e-06,( ̀⌄ ́）快手这个软件唯一的优点就是可以把人拍的很好看。 L秒拍视频 . ,其他,f
40,杨匪匪匪,3/8/2017 23:01,anger,0.000226804,0.00012694,0.000335005,0.001676211,0.997588873,2.53e-05,2.1e-05,一般看到那种原配扒光小三衣服打小三的新闻，都感觉挺唏嘘世间对女子最狠的还是女子。不管是横刀夺爱，还是侮辱殴打。但那个男人 只要说一句“我还爱你”就能回头是岸。而这两个女人这半生...展开全文c,其他,f
41,杨匪匪匪,3/19/2017 21:15,surprise,0.498162478,0.094474941,0.012924919,0.280480534,0.105560668,0.004697174,0.003699244,雀斑少女她不美丽，可是有人为她着迷，说你是我的唯一。 ,其他,f
42,杨匪匪匪,4/2/2017 18:58,sadness,9.4e-06,0.99685812,0.000120045,0.001735554,0.000148337,0.00087974,0.000248746,想念你 ,其他,f
43,杨匪匪匪,4/17/2017 11:03,like,0.000134898,0.03610494,0.24111861,0.012020046,0.001245647,0.70936507,1.08e-05,不喜欢别人撩我也不喜欢套路我他妈活的已经很累了喜欢就说喜欢再见就说再见好烦 ,其他,f
44,杨匪匪匪,4/23/2017 16:28,sadness,0.002355945,0.910589755,0.000325996,0.056068037,0.000388165,0.030074131,0.000197861,那个丽姐，感觉真的真的特别让人心疼，我们这些人说她如何如何没有教养，如何如何不懂事的时候，我就想起何不食肉糜这句话。一个从小父母就不在身边的孩子，屋子破的像我们这里的破仓库，上学都需要走两个小时路程，我特别害怕那条路上出现一个坏人，家里能陪她的只有一条大黄狗。我真的看的心都揪着 ...展开全文c,其他,f
45,杨匪匪匪,4/27/2017 22:56,happiness,1.87e-06,0.012024944,0.003454983,0.983959019,2.14e-05,0.000523956,1.38e-05,羡慕那些生下来就被家人宠爱的人的漂亮姑娘，没有经历过什么磨难，最大的不开心可能只是和朋友闹矛盾，遇到优秀的人也从不自卑，爱情里也是永远被爱的那个。在角落里的我，多少显得有点多余。 ,其他,f
46,杨匪匪匪,5/7/2017 21:12,sadness,0.00394653,0.432585955,0.045597669,0.395438462,0.007582058,0.10967198,0.005177321,乖🐑 ,其他,f
47,杨匪匪匪,5/8/2017 21:47,like,7.14e-05,0.018146358,0.007191501,0.012164627,0.000684357,0.961735606,6.17e-06,有人说照片特别好看，却说自己不好看的姑娘虚伪，其实只是因为“美图秀秀怎样划过我们的皮肤，我们最清楚。  ,其他,f
48,杨匪匪匪,5/12/2017 15:17,anger,0.055550147,0.141073897,0.164921269,0.122679032,0.365755498,0.122443132,0.027577041,夏天 ,其他,f
49,杨匪匪匪,5/20/2017 19:01,sadness,4.6e-09,0.999994278,1.73e-06,1.47e-06,1.56e-06,6.15e-07,3.65e-07,太心疼了 又无能为力 ,其他,f
50,杨匪匪匪,5/22/2017 21:09,like,8.86e-05,0.000453298,6.11e-05,0.004147741,6.26e-05,0.995182335,4.25e-06,女人特别奇怪，总是爱问“你什么时候喜欢上我的”千万不要说“一直喜欢你”或者“忘记了”她需要一个 在你心里特殊的理由。你编也要编出来比如“你还记得我们见的第二面吗，那天看着你在人群里一笑，我就感觉就是你了，没后路的喜欢上你了”或者“我们一起吃火锅，你特别爱吃，吃的衣服上都是油星 ...展开全文c,其他,f
51,杨匪匪匪,6/28/2017 7:12,like,9.31e-05,0.008386729,0.038429685,0.095322147,0.000857278,0.85621804,0.000693015,转发微博,其他,f
52,杨匪匪匪,6/29/2017 20:50,sadness,0.093479663,0.181262627,0.16359365,0.178812668,0.150423929,0.157345846,0.075081557,,其他,f
53,杨匪匪匪,7/8/2017 19:52,happiness,0.026058437,0.105405837,0.043268528,0.420103908,0.070380047,0.232013196,0.102770008,生活 ,其他,f
54,杨匪匪匪,7/8/2017 20:04,sadness,2.2e-06,0.99815625,0.000231547,0.000227866,1.89e-05,0.00136251,7.64e-07,给大家展示一下互联网各种蛆。遇到请远离。“多管闲事蛆”“我是路人但我感觉你错了”“道德至上蛆”...展开全文c,其他,f
55,杨匪匪匪,7/10/2017 12:23,happiness,0.026799731,0.00256424,0.002260157,0.919000566,0.036994923,0.010377459,0.002002945,妹妹在胡桃面前说买一只小家猫 胡桃就生气了😐小猫精 L秒拍视频 ,其他,f
56,杨匪匪匪,7/12/2017 23:06,happiness,5.43e-05,0.330547571,0.006515724,0.621133506,0.010924388,0.030586077,0.000238416,母角马社封的第一天想他 没有他 我没心情刷微博了 ,其他,f
57,杨匪匪匪,7/14/2017 23:36,happiness,0.024334069,0.240977675,0.161380768,0.283711046,0.2591362,0.022171944,0.008288312,皇上醒醒！ ,其他,f
58,杨匪匪匪,7/18/2017 9:51,like,9.31e-05,0.008386729,0.038429685,0.095322147,0.000857278,0.85621804,0.000693015,转发微博,其他,f
59,杨匪匪匪,7/22/2017 17:15,sadness,0.00394653,0.432585955,0.045597669,0.395438462,0.007582058,0.10967198,0.005177321,乖 ,其他,f
60,杨匪匪匪,7/22/2017 20:39,anger,0.003476158,0.241687521,0.047062475,0.051073328,0.61855495,0.007869846,0.030275766,啊 我死了 ,其他,f
61,杨匪匪匪,7/28/2017 15:46,happiness,9.88e-06,0.014770356,0.010988399,0.969880641,0.000604188,0.003735375,1.12e-05,爱上玩漂流瓶了 ,其他,f
62,杨匪匪匪,7/29/2017 0:08,sadness,7.72e-05,0.993930459,0.001597501,0.003488487,1.2e-05,0.000450082,0.000444308,好像栗山千明 ,其他,f
63,杨匪匪匪,7/29/2017 21:57,happiness,0.005395044,0.104497574,0.016732255,0.635278285,0.060823914,0.166632056,0.010640907,你做到了 ,其他,f
64,杨匪匪匪,7/30/2017 11:56,fear,0.005823934,0.000287128,0.076926582,0.000633349,0.023493534,0.001102346,0.89173317,一个虞姬不参团，说自己社交恐惧？害怕人多的地方？？？操你妈？？ ,其他,f
65,杨匪匪匪,8/1/2017 23:06,sadness,3e-07,0.997787237,0.000137711,6.83e-05,6.28e-06,0.001999385,7.39e-07,我小时候一直幻想我是天上的仙子下凡历劫，我每次都希望在我们做广播体操的时候我幻化为仙子， ,其他,f
66,杨匪匪匪,8/4/2017 0:10,sadness,0.000501206,0.86384511,0.004615382,0.085573122,0.002606451,0.042710632,0.000148057,张翰终于接到了一个非常适合他的角色。 ,其他,f
67,杨匪匪匪,8/4/2017 23:54,sadness,0.00148298,0.514977455,0.021579398,0.41759187,0.025826685,0.013912654,0.004628934,分享图片 ,其他,f
68,杨匪匪匪,8/6/2017 21:31,sadness,4.34e-08,0.999992132,6.24e-07,1.04e-06,2.18e-07,5.98e-06,3.49e-09,能独立思考不盲从在大多数时候是一种负累，它让你怀疑自己，也让别人疏远你，让你无法心安理得的接受大多数人认为的，却也没有勇气说出自己想说的。不甘心又平庸的老去。 ,其他,f
69,杨匪匪匪,8/9/2017 13:32,like,0.000233719,0.000751001,0.016397303,0.002446366,0.000247431,0.979810655,0.00011359,喜欢我的新名字 ,其他,f
70,杨匪匪匪,8/24/2017 18:30,sadness,0.0004831,0.769750476,0.009548131,0.210796803,0.007918673,0.001293786,0.000209072,一直说吃狗粮，说好甜啊，其实心里还是感觉一个人挺好的。那些情人节也并不能虐到我，我说虐到我，其实就是想让秀恩爱的朋友开心。这么多年，能虐到我，只有没钱。 ,其他,f
71,杨匪匪匪,8/26/2017 19:11,sadness,0.000152102,0.909233391,0.002545283,0.072878718,0.009315455,0.005483545,0.000391502,那个 非常谢谢你们啦！！！我自己已经感觉想要放弃无能为力的事，你们却替我说了那么多话！！我也不火，别人抄袭我我连屁都放不了。不过正因为我不火，你们还帮我那么多，我真的想抱抱你们。 ,其他,f
72,杨匪匪匪,8/26/2017 19:32,sadness,1.06e-05,0.998323977,6.35e-05,0.00015733,6.34e-05,0.001329941,5.13e-05,有时候如果和很重要的人发QQ，他一直没有回我，我就删了那个对话框。总感觉看见了那个对话框就好像看见了自己的卑微和讨好。 ,其他,f
73,杨匪匪匪,8/27/2017 10:58,fear,0.020943964,0.279133916,0.016849823,0.013792624,0.036825087,0.119481273,0.512973309,好像没有真的生过什么大气，每次有一点不开心，就害怕会不会对方离开，开始自己为对方辩解，连生气都小心翼翼。 ,其他,f
74,杨匪匪匪,8/27/2017 17:38,sadness,0.003910241,0.588965237,0.066871703,0.232313052,0.068810135,0.039095603,3.4e-05,希望淘宝在我买完一样东西的时候不要和我推荐它的类似款不要推荐比它便宜的不要求你了 ,其他,f
75,杨匪匪匪,8/27/2017 21:51,anger,0.008069503,0.010340855,0.00870796,0.007582957,0.95409584,0.011025422,0.000177408,玩游戏这种事，我被骂是因为别人坏，我骂别人是因为别人菜。 ,其他,f
76,杨匪匪匪,8/28/2017 9:24,happiness,0.001530322,0.000451004,0.013332182,0.975073159,0.000344825,0.009094815,0.000173815,最不负责的话就是“你变了”没有人知道 在没有人看见的时候你一个人度过怎样的日子被人欺负的时候一边安慰自己 一边自暴自弃后来终于艰难的站起来和自己说“努力的活下去吧”...展开全文c,其他,f
77,杨匪匪匪,8/28/2017 11:47,like,0.000448599,0.01631837,0.010005456,0.152033046,0.002056544,0.818744361,0.000393581,总说玩游戏输赢不重要，快乐最重要，可我他妈赢了最快乐，输了就痛苦。 ,其他,f
78,杨匪匪匪,8/28/2017 14:08,like,0.090409629,0.009390611,0.270577341,0.038853202,0.265480667,0.324556559,0.000731995,我其实是一个性格很差的人。可我不够优秀，所以我总是想表现不属于自己的那面，温柔，懂事，善良。只是为了别人的那句“他脾气挺好的”一个说得出口的优点。 ,其他,f
79,杨匪匪匪,8/28/2017 20:25,sadness,0.000121757,0.987425268,0.000145079,0.009741578,0.002274389,0.00028071,1.13e-05,七夕节没有礼物不要伤心啊，反正什么节日你都没有礼物，不如现在暴饮暴食熬夜喝酒，争取清明节有人给你烧礼物。 ,其他,f
80,杨匪匪匪,8/29/2017 14:48,happiness,4.34e-06,0.00053803,0.000103637,0.987790942,0.000156104,0.011390761,1.63e-05,是不是所有的微信家庭群聊名字都叫“相亲相爱一家人”“幸福一家人” ,其他,f
81,杨匪匪匪,8/29/2017 18:40,disgust,0.005194982,0.259431422,0.345147938,0.01154823,0.309313536,0.024025464,0.045338422,每次我在安慰人之前都会说“我不怎么会说话”:-( ,其他,f
82,杨匪匪匪,8/29/2017 21:38,anger,0.012206629,0.02929436,0.006034496,0.075519875,0.843996286,0.032049466,0.000898861,其实我都没脸说别人，谈恋爱起来我就是个大作逼矫情精，我就是那种吐槽单里的作逼女友，我就是自己单身时最讨厌的矫情精。因为一个破逼事我能作一天，因为不回我我能生气哭一晚上。真的，我谈恋爱时候就是个傻逼。 ,其他,f
83,杨匪匪匪,8/30/2017 11:01,disgust,0.0018487,0.147387773,0.550561786,0.013793676,0.169242606,0.115863517,0.001301875,傻逼思考方式：“我没见过，所以没有” ,其他,f
84,杨匪匪匪,8/30/2017 13:06,like,3.33e-06,2.86e-06,5.5e-06,2.47e-05,4.08e-07,0.999962449,8.72e-07,我还是希望你们喜欢一个明星不要失去自我，失去自己的看法，失去自己的见解，不要因为喜欢而忽视很多东西，不要因为喜欢而忘记那些最基本的道义，不要因为喜欢去辱骂别人，不要因为喜欢去做一个自己以后想起会觉得可怕的人。偶像或者明星，是灯塔一样的存在，他们能教会你很多东西，勇敢，善良，身处 ...展开全文c,其他,f
85,杨匪匪匪,8/30/2017 16:38,happiness,9.05e-06,0.262579679,0.002348778,0.394949406,0.000171687,0.339784533,0.000156857,我希望我喜欢的明星会越来越火 ，越来越多人知道 赚很多钱。爱自己喜欢的人 ，我不会因为自己的私心希望你小众或者很少人知道 。我能做的已经很少了，只能祝福你 能够更璀璨一点。 ,其他,f
86,杨匪匪匪,8/30/2017 18:11,anger,0.007864181,0.054506019,0.041302994,0.199917436,0.691904783,0.003226432,0.001278125,我在学校给同学开了热点，然后他用我热点更新了王者荣耀。好人没好报就是本人了日他妈。 ,其他,f
87,杨匪匪匪,8/30/2017 19:17,happiness,7.06e-05,0.001041051,0.007502593,0.990143061,0.000404493,0.000831197,6.94e-06,我这辈子最痛苦的就是看见美人迟暮，一吻定情里的小泽真珠后来演了李狗嗨里童星的妈妈。我后来看演员表还一怔后来发现真的是她...展开全文c,其他,f
88,杨匪匪匪,8/30/2017 22:11,like,8.38e-05,0.000414088,0.001927715,0.011496719,0.004798075,0.981176436,0.000103215,现在的状态呢 就是看着别人分分合合，看着别人越爱越深，偶尔出现一个心动的人，也懒得追，感觉一个人时间久了，不知道怎么恋爱了。 ,其他,f
89,杨匪匪匪,8/31/2017 8:37,happiness,0.000313654,0.050030757,0.007159651,0.900516272,0.005306518,0.036522169,0.000150949,长杨洋的脸都被说油腻，那我的脸应该是油烟机吧。 ,其他,f
90,杨匪匪匪,8/31/2017 11:18,anger,0.012869552,0.084629498,0.071995854,0.080604687,0.71606046,0.033204518,0.00063547,坑人专用句式“刚才我卡了” ,其他,f
91,杨匪匪匪,8/31/2017 15:16,anger,3.37e-05,2.92e-06,1.08e-05,5.41e-05,0.999894857,2.82e-06,7.48e-07,我朋友和她同桌初中时候的保证书我脑补了一出偶像剧 ,其他,f
92,杨匪匪匪,8/31/2017 19:42,sadness,0.002619229,0.645468831,0.030216098,0.001460419,0.009884991,0.305216372,0.005134043,我见青山多妩媚。 ,其他,f
93,杨匪匪匪,8/31/2017 21:27,like,0.004405005,0.040016234,0.026166841,0.037439693,0.135077253,0.756772459,0.000122471,一发我喜欢鞠婧祎，就有作逼开始给我科普鞠婧祎被包养整容。拉黑他还说我阻碍他言论自由。世界怎么这么多傻逼。 ,其他,f
94,杨匪匪匪,8/31/2017 21:51,anger,0.004319556,0.164992422,0.022573546,0.28623119,0.504170775,0.017507887,0.000204561,我这十几年就没幸运过，没捡过钱，没有再来一瓶，学习也没什么脑子，和家人的关系也就那样，连喜欢的人都不喜欢自己。妈的，这辈子应该就这样了。 ,其他,f
95,杨匪匪匪,9/1/2017 16:59,sadness,0.001766898,0.497302681,0.014700743,0.1281095,0.24971506,0.104720816,0.003684364,我以前一直在想，没有你我会怎样，现在明白了，没有你我过的太他妈好了。 ,其他,f
96,杨匪匪匪,9/2/2017 17:41,like,0.000161249,0.191899583,0.032838706,0.358716249,0.01885882,0.396451205,0.001074267,笑一个 LSNH48-杨树林的微博视频 ,其他,f
97,杨匪匪匪,9/3/2017 12:32,disgust,0.008481315,0.281673014,0.328937411,0.058549359,0.16184552,0.152927652,0.00758576,我在网上安慰别人就三句话“抱抱”“没事有我呢”“哎”就这三句轮着说，真不是我冷血，我是真的不知道该说啥。 ,其他,f
98,杨匪匪匪,9/3/2017 17:28,sadness,0.079640828,0.734362125,0.042998899,0.022951737,0.015090799,0.093202733,0.01175293,你想努力却不知道怎么努力，言外之意就是你很懒而且特别善于给自己找借口。 ,其他,f
99,杨匪匪匪,9/3/2017 21:15,like,6.98e-06,0.001152963,0.000368053,0.002987448,1.17e-05,0.995472372,4e-07,听别人谈初恋都很美好，但自己好像已经记不起初恋了，一个过于普通的人，没什么故事情节，分开也平淡。真的是一点都不美好啊 ,其他,f
100,杨匪匪匪,9/4/2017 19:24,happiness,2.95e-05,0.136878148,0.007774676,0.835941374,0.004975128,0.014201355,0.000199867,分享视频 LSNH48-杨树林的微博视频 ,其他,f
101,杨匪匪匪,9/5/2017 22:04,happiness,3.42e-06,0.084931552,5.63e-05,0.897118032,0.000183109,0.017699271,8.43e-06,当别人问你年龄，你不说年龄，而是说自己出生年份的那一刻，你就老了。 ,其他,f
102,杨匪匪匪,9/8/2017 21:08,sadness,0.00148298,0.514977455,0.021579398,0.41759187,0.025826685,0.013912654,0.004628934,分享图片 ,其他,f
103,杨匪匪匪,9/8/2017 22:05,sadness,1.25e-06,0.997404635,0.000101003,0.000134605,0.000433751,0.001902607,2.2e-05,其实最大的缺点就是无法生气很久，当时气的不行，一辈子不要原谅他了，可是只要被稍微的哄一下，就马上什么也不记得了。如果不被哄，就自己一个人默默委屈，默默原谅， ,其他,f
104,杨匪匪匪,9/9/2017 20:36,sadness,3.9e-06,0.999858975,5.51e-05,2.38e-05,1.26e-05,4.06e-05,4.88e-06,还是做不到“给对方留一点神秘感”这种的，喜欢谁就巴巴的想把所有话说给他听，也做不到什么叫“欲拒还迎” 打算不理他十分钟，连三分钟都等不了，就去卖乖了。真的是没出息啊。 ,其他,f
105,杨匪匪匪,9/11/2017 19:22,anger,0.005547568,0.015511972,0.027040815,0.165014625,0.754821956,0.031758722,0.000304382,如果我以后面基，一定要给彼此留一点余地。开后置摄像头，只看镜头里的彼此。你爱我，我爱你。别扒我，谢谢你。 ,其他,f
106,杨匪匪匪,9/14/2017 15:22,anger,0.016897693,0.037070759,0.15212135,0.046849463,0.607187331,0.074160345,0.065713033,我怕是疯了 ,其他,f
107,杨匪匪匪,9/14/2017 20:14,happiness,0.047179375,0.001290673,0.019814387,0.595728815,0.331036836,0.001197065,0.00375291,大人认为抽烟喝酒就是坏小孩，现在骂脏话也被所有人认为是坏小孩，说骂脏话没有素质。我感觉我不坏的，我和服务员说谢谢，给乞讨老人钱，长大后也努力的体谅爸爸妈妈，朋友也都认为我是个好人，从不随便麻烦别人，也不占小便宜，爱猫爱狗爱小动物。我不网络暴力，我能善待所有人。我感觉我很有素质， ...展开全文c,其他,f
108,杨匪匪匪,9/15/2017 22:41,disgust,0.000746395,0.016278045,0.506874919,0.007318592,0.425207704,0.003783672,0.03979063,别睡了别睡了！看戏了看戏了！！ ,其他,f
109,杨匪匪匪,9/15/2017 23:25,sadness,0.000260697,0.980330884,0.00032063,0.001394742,0.013321714,0.004074996,0.000296383,不说别的，还说李雨桐写长文不地道？？这还不地道，如果这事是真的，要是我，我都能被气的出书。 ,其他,f
110,杨匪匪匪,9/21/2017 11:23,surprise,0.798368514,0.007202,0.016363937,0.10461466,0.049628664,0.018348953,0.005473224,如果薛之谦说的是真的、李姐姐太牛逼了，五月车祸，六月出轨，撞成那样还能做爱，真的是铜墙铁壁一样的女子啊！！ ,其他,f
111,杨匪匪匪,9/23/2017 15:28,sadness,0.000176004,0.967810392,0.021750715,0.000153336,0.00969615,0.000336651,7.67e-05,董新尧是不是闻鞋闻窒息脑子不好使了 ,其他,f
112,杨匪匪匪,9/25/2017 8:15,happiness,1.37e-07,7.99e-05,6.51e-06,0.99980098,1.13e-06,0.000111259,4.01e-08,兔兔那么可爱 怎么可以吃兔兔 ,其他,f
113,杨匪匪匪,9/30/2017 21:52,happiness,5.31e-08,1.55e-05,1.27e-05,0.999952078,7.4e-06,1.16e-05,6.09e-07,哈哈哈哈哈哈哈哈哈哈自从许亚军老师捡了一只猫以后 微博画风都变了 还给尤尼过百天了 我边看微博边痴汉笑 ,其他,f
114,杨匪匪匪,10/2/2017 9:05,anger,0.004700628,0.400969863,0.069587275,0.033388931,0.486415744,0.003917543,0.001019996,我们这里追人就是加你QQ号，说特别喜欢你、想和你搞对象，你说现在不想处，而且压根不认识，没了解过。然后对面“哦好吧”然后过了一天，发现他找到对象了。空间说说“找到了最爱的人”评论一堆99。 ,其他,f
115,杨匪匪匪,10/2/2017 19:50,anger,0.046320949,0.016232351,0.075699225,0.377723336,0.400513977,0.072150476,0.01135968,收养了一只咪咪 ,其他,f
116,杨匪匪匪,10/7/2017 1:12,sadness,0.000187899,0.918162167,0.031341188,0.001056134,0.048321698,0.000610214,0.000320625,内蒙古 我恨你 为什么不包邮  ,其他,f
117,杨匪匪匪,10/7/2017 19:17,happiness,0.026058437,0.105405837,0.043268528,0.420103908,0.070380047,0.232013196,0.102770008,生活 ,其他,f
118,杨匪匪匪,10/8/2017 12:14,sadness,0.000504646,0.800101459,0.022379775,0.065472916,0.061340906,0.048636697,0.001563617,给大家介绍一下，这是我女朋友@SNH48-鞠婧祎 ,其他,f
119,杨匪匪匪,10/8/2017 13:11,anger,3.92e-06,3.24e-05,0.000505919,2.82e-05,0.999429286,2.55e-07,4.28e-08,我妹现在又嚎啕大哭.....不敢录视频了，等她稍微好一点.....就一边哭一边说“热巴又做错了什么啊操他妈的，凭什么被骂这么久.....”现在趴沙发上哭......然后我小小妹说：这就是如果鞠婧祎和潘长江公布恋情的你。 ,其他,f
120,杨匪匪匪,10/8/2017 20:19,anger,6.72e-07,6.94e-06,2.12e-06,6.4e-06,0.999983907,4.04e-08,3.13e-08,我以前感觉追星特傻逼特傻逼，我感觉追星的都是脑残，太蠢了，为了一个压根不认识的人花钱，解释，伤心，太jb傻逼了。妈的，真的人这玩意，我现在明白了，大多数人活着太累了，就想找一个虚幻的避风港，搁置自己心里那些无处安放的东西。想看她站在那个聚光灯站着的地方，想看着她成长为更好的人 ...展开全文c,其他,f
121,杨匪匪匪,10/9/2017 0:23,sadness,1.26e-06,0.998751521,8.74e-05,0.000146074,0.000907951,0.000104535,1.18e-06,粉丝为爱豆花钱冲销量 为爱豆澄清黑料 天天刷转发这种一点回报没有的事 公开恋情伤心一下子还被骂戏多可以说很惨了 ,其他,f
122,杨匪匪匪,10/10/2017 0:03,like,9.31e-05,0.008386729,0.038429685,0.095322147,0.000857278,0.85621804,0.000693015,转发微博,其他,f
123,杨匪匪匪,10/10/2017 19:43,sadness,0.001090818,0.483707249,0.051934067,0.390054643,0.044000234,0.028316258,0.000896767,做个男人挺好的 ,其他,f
124,杨匪匪匪,10/11/2017 10:29,happiness,0.000176026,0.000699492,0.010863006,0.98563695,0.000902767,0.001719393,2.54e-06,肯德基三个代言人都出事了，唯一一个没出岔子的王源，还被第三个出事的代言人拖下水，狂黑。我总结一下子！肯德基就不应该下架嫩牛五方，那么好吃！！这就是报应！ ,其他,f
125,杨匪匪匪,10/11/2017 17:21,happiness,0.000441639,0.388308793,0.008492613,0.444785923,0.047615394,0.107450508,0.002905103,如果说 你是海上的烟火。 ,其他,f
126,杨匪匪匪,10/12/2017 14:31,sadness,0.00776766,0.341982186,0.081306934,0.191321015,0.322502643,0.040080369,0.015039252,路过江湖 ,其他,f
127,杨匪匪匪,10/12/2017 19:03,happiness,0.000860136,0.27602151,0.009322508,0.704405963,0.003248598,0.004160802,0.001980387,@SNH48-鞠婧祎 我是海上的泡沫。 ,其他,f
128,杨匪匪匪,10/13/2017 15:29,like,0.003341922,0.242101803,0.010364201,0.055573504,0.201636985,0.485709369,0.001272228,我想给你送锦旗@B612咔叽_官方微博 真诚的谢谢送给你。 ,其他,f
129,杨匪匪匪,10/14/2017 9:57,like,0.002729231,0.002374541,0.029663149,0.027373334,0.001228621,0.93617928,0.000451871,娱乐圈里长了一张好人脸太重要了 古力娜扎和关晓彤 当然她们俩的颜不是一个级别至少我感觉古力娜扎好看个百分之一百。总感觉前者是坏女孩 后者会校园暴力别人。吴磊刘昊然和谭松韵真的是看第一眼就感觉长得很善良，莫名其妙就很喜欢，就算不是粉，但也会有好感。 ,其他,f
130,杨匪匪匪,10/14/2017 19:02,happiness,5.52e-08,7.35e-07,2.75e-06,0.999423862,3.4e-06,0.000569113,3.64e-08,韩式平粗眉真的不适合每个人 我感觉现在我们学校每个化妆的小姑娘都是韩式平粗眉 长得好看的能压住 但我经常看见一些妹子眉毛真的比眼睛宽了。你隔五米以外，你只能看见一个大白馒头上面两条粗黑色海苔下面两个小芝麻。我感觉眼型好看的女孩可以试试柳叶眉，温婉好看，显气质，...展开全文c,其他,f
131,杨匪匪匪,10/16/2017 7:25,sadness,1.65e-05,0.981528163,0.003628445,0.0058019,0.00902103,3.43e-06,5.68e-07,去趟哈尔滨，整的我也想穿貂了，就是没钱。 ,其他,f
132,杨匪匪匪,10/16/2017 13:01,anger,2.55e-06,0.001519431,0.047358077,0.000197942,0.950918972,2.52e-06,5.01e-07,这个新闻推送怎么天天是关晓彤 天天是 每天推送 每天推送微博也是 没有逼我看 但一打开都是她 屏蔽还冒出来，都是她 迪丽热巴我还能看看脸 我又不吃她的颜。 ,其他,f
133,杨匪匪匪,10/16/2017 20:23,sadness,0.000214384,0.923319936,0.009551535,0.045583669,0.019803712,0.001057816,0.000468947,太jb巧了 以后连p图都没有底气 ,其他,f
134,杨匪匪匪,10/16/2017 22:21,happiness,0.000332244,0.004485313,0.016710805,0.858960986,0.119267918,9.24e-05,0.00015034,现在的原创怕是💊 抄袭的都开始要让原创赔钱,其他,f
135,杨匪匪匪,10/18/2017 11:12,happiness,6.54e-06,0.000394824,6.98e-05,0.972487152,7.68e-05,0.026954735,1.02e-05,不开心的时候 志玲姐姐就是我的快乐源泉,其他,f
136,杨匪匪匪,10/20/2017 7:29,like,7.7e-05,0.049035136,0.014541362,0.039712459,0.002987264,0.893013656,0.000633075,迪丽热巴 我不喜欢你了 我用了你代言的洗发水 可是它不好使 我很难过 你现在哄哄我 我就原谅你。 ,其他,f
137,杨匪匪匪,10/21/2017 18:41,anger,0.003208186,0.249504685,0.291250527,0.068955697,0.338714957,0.04763367,0.000732335,我一直想，人真的会又爱又恨一个事物吗。后来遇到了花呗，我明白了。 ,其他,f
138,杨匪匪匪,10/23/2017 19:39,happiness,0.003124257,0.017098418,0.020419165,0.956981719,0.000215691,0.002021868,0.000138916,气死我了！！还有人把暖暖叫女儿！！有这么不孝顺的女儿吗！！你妈自己外套都不舍得买！！给你买衣服！！你呢！！你环游世界？！你挣的一分钱给妈妈了吗！！做过妈妈的贴心小棉袄吗！！今天你我断绝母女关系！！你今天游到这不游了！！！爱咋咋地！！ ,其他,f
139,杨匪匪匪,10/24/2017 21:56,happiness,1.07e-05,0.002371202,0.009777295,0.935706854,0.051736608,0.000394697,2.72e-06,我今天突然发现，我和瘦女孩的零食不一样，我说想吃零食，买辣条子鸡爪鸡排薯片。她们想说想吃零食“梅干大枣酸奶果干水果” ,其他,f
140,杨匪匪匪,10/26/2017 12:34,happiness,2.85e-05,0.000675911,0.0039683,0.504695654,0.001170339,0.489444762,1.66e-05,好看的人叫自己猪精，不好看的人叫自己仙女。 ,其他,f
141,杨匪匪匪,10/26/2017 20:31,disgust,0.038720895,0.000982129,0.953927338,0.00061408,0.005744291,3.87e-06,7.43e-06,首页妹子...你们冬天是把胸罩穿毛衣外面吗...我刚才问了一圈，好像就我一个人这么干。 ,其他,f
142,杨匪匪匪,10/28/2017 1:03,sadness,0.093479663,0.181262627,0.16359365,0.178812668,0.150423929,0.157345846,0.075081557,,其他,f
143,杨匪匪匪,10/29/2017 19:22,sadness,0.029481484,0.790313065,0.112762049,0.00384942,0.041415125,0.015805423,0.006373459,为什么这么对我 ,其他,f
144,杨匪匪匪,10/31/2017 20:51,happiness,0.008653771,0.215104893,0.072787985,0.615347028,0.077074908,0.002743266,0.00828818,家 ,其他,f
145,杨匪匪匪,11/7/2017 22:27,like,0.081576213,0.071153708,0.032069396,0.056116913,0.277324319,0.478275448,0.003483939,这他妈这次双十一咋这么不开心，还他妈让我算数，我他妈哪知道你这些优惠叠加不叠加的啥意思啊！！ ,其他,f
146,杨匪匪匪,11/8/2017 12:30,sadness,9.69e-09,0.999961495,2.15e-07,2.37e-06,3.99e-07,3.54e-05,8.14e-08,对不起 没能抓紧你 ,其他,f
147,杨匪匪匪,11/12/2017 19:54,like,0.000106105,0.000632651,5.29e-05,0.002316326,1.9e-05,0.996848881,2.42e-05,那些相伴拼搏的日子不过找个人支撑自己不倒下我很留恋堂皇世界也 有新的天梯载我向上爬 ,其他,f
148,杨匪匪匪,11/24/2017 7:34,sadness,0.00148298,0.514977455,0.021579398,0.41759187,0.025826685,0.013912654,0.004628934,分享图片 ,其他,f
149,杨匪匪匪,11/24/2017 18:20,like,0.019812182,0.245348021,0.036480531,0.119593114,0.045177959,0.510588288,0.022999963,谢谢骑手小哥！！真的是滴水不漏！ ,其他,f
150,杨匪匪匪,12/2/2017 21:31,anger,0.004338063,0.030875795,0.106615998,0.354553938,0.484802634,0.012137839,0.006675802,如果可以整容成刘亦菲，我可以不打麻药直接上。 ,其他,f
151,杨匪匪匪,12/7/2017 19:15,anger,4.97e-07,7.48e-07,7.24e-05,6.36e-05,0.999862671,4.42e-08,9.19e-08,我经常会脑内小剧场，排女明星和女明星的电视剧那种，我排过迪丽热巴看新闻报道刘亦菲和宋承宪的恋情、然后冷笑一声，瞬间脸色阴狠，把手机摔了，问助理：“她他妈想干嘛？”助理叹口气，“她的事，别这么在意了，过去了就过去了”刘亦菲冷笑着看新闻想“这还气不到你，真想看看你有多生气”还有一 ...展开全文c,其他,f
152,杨匪匪匪,12/13/2017 12:06,happiness,0.000738097,0.002591122,0.001306173,0.961364388,0.00020706,0.033640936,0.000152228,等了好久终于等到今天,其他,f
153,杨匪匪匪,12/13/2017 19:38,sadness,0.000618567,0.644309759,0.004309242,0.126435176,0.135657087,0.08846914,0.000201066,有女朋友别忘了请我吃饭，大不了喝口啤酒冲掉心酸。 ,其他,f
154,杨匪匪匪,12/14/2017 14:19,happiness,4.55e-06,0.003870698,6.77e-05,0.991508484,0.001789961,0.002754,4.59e-06,恭喜获得李艺彤爱国限定一日卡。 ,其他,f
155,杨匪匪匪,12/15/2017 21:50,anger,0.001272042,0.007957015,0.004512621,0.000739208,0.985259891,0.000119028,0.000140289,我超奇怪的，很能吃醋却不会表现出来，总是一副我不在意啊的样子，然后背地里气的要死，但是当面又假装我他妈真的是很大方的人啦我没关系的我没事的。转身我就“操你妈” ,其他,f
156,杨匪匪匪,12/16/2017 13:56,surprise,0.94782269,0.001039214,0.003775887,0.043687027,0.002414914,0.000330455,0.000929858,地狱里最热的地方，是为那些在社会发生严重道德危机时还保持中立的人准备的。——但丁《神曲》 ,其他,f
157,杨匪匪匪,12/17/2017 11:56,happiness,0.000799646,0.000984369,0.002241377,0.990544915,0.003774455,0.001628127,2.71e-05,你有一种好脾气，让我非常着迷，才故意和你熟悉，好引来你对我的注意。 ,其他,f
158,杨匪匪匪,12/17/2017 21:23,sadness,0.00148298,0.514977455,0.021579398,0.41759187,0.025826685,0.013912654,0.004628934,分享图片 ,其他,f
159,杨匪匪匪,12/18/2017 19:49,sadness,0.009152314,0.487967491,0.004242095,0.005280233,0.011345512,0.461722583,0.020289814,对不起，就是特别喜欢你，特别没出息，每天都会看你的朋友圈却不敢点一个赞，你无意间分享的一首歌我都听了上百遍，你微博点过的赞关注的人我都翻了八百遍，想发的无数条短信都偷偷删除，会偷偷的制造无数次偶尔，假装不经意的看见你。对不起，特别喜欢你。 ,其他,f
160,杨匪匪匪,12/18/2017 23:05,sadness,0.000125844,0.984718382,0.001681953,0.008851223,0.003107876,0.001299273,0.000215421,一个有理想的记者什么时候死？ ,其他,f
161,杨匪匪匪,12/19/2017 18:52,like,9.31e-05,0.008386729,0.038429685,0.095322147,0.000857278,0.85621804,0.000693015,转发微博,其他,f
162,杨匪匪匪,12/20/2017 12:03,sadness,0.002549371,0.553653598,0.026110381,0.274172455,0.105807677,0.035113368,0.002593175,我的零食 ,其他,f
163,杨匪匪匪,12/20/2017 21:19,disgust,0.022165252,0.024512487,0.577555656,0.360001683,0.010063693,0.003005248,0.002696007,圣诞节 剩下单人的剩单节过条街 最好又给我下起雪这么衰 这么刚好 这么狼狈剧情是你在写有点无解 我们之间踏着雪 不知不觉走了很远绕着圈 我叛逆点起一根烟...展开全文c,其他,f
164,杨匪匪匪,12/21/2017 21:30,anger,0.000454896,0.037353024,0.159071401,0.000412462,0.800143182,0.001570696,0.000994417,无所事事一整个夏天的年少 ,其他,f
165,杨匪匪匪,1/1/2018 1:02,happiness,8.8e-05,0.009923682,7.39e-05,0.986487687,0.003122005,0.000239457,6.53e-05,分享视频 LSNH48-杨树林的秒拍视频 ,其他,f
166,杨匪匪匪,1/1/2018 1:13,like,0.005987814,0.005812894,0.030078366,0.059211619,0.004828455,0.892434537,0.001646285,成人之美。 2沈阳·北行 ,其他,f
167,杨匪匪匪,1/9/2018 13:55,happiness,0.001772874,0.030161299,0.025962349,0.913102806,0.015152948,0.011019884,0.002827882,.....我可以在自卑与自傲之间来回转换...又自卑又自傲..................感觉自己什么也配不上...又感觉什么也配不上自己 ,其他,f
168,杨匪匪匪,1/14/2018 14:34,sadness,7.7e-05,0.933472872,0.019562107,0.01250174,0.0183123,0.016007088,6.69e-05,请林允女士的微博故事不要出现在我的首页了，我对你毫无兴趣。 ,其他,f
169,杨匪匪匪,1/14/2018 22:38,happiness,0.000502205,0.240091175,0.005025034,0.660026789,0.012067463,0.079892956,0.002394378,尝尽人间疾苦，但是一句苦都不会和你诉，会从兜里给你一颗糖，告诉你人间美好，躲我身后。 ,其他,f
170,杨匪匪匪,1/16/2018 11:29,like,0.000141232,0.187442973,0.000683603,0.047284514,0.000761223,0.763282418,0.000404029,有时候喜欢你喜欢到，如果我的真心能被你利用就好了，这样我对你还有一点点价值。 ,其他,f
171,杨匪匪匪,1/20/2018 11:51,sadness,1.25e-06,0.999506712,2.94e-05,0.000297865,6.46e-05,9.86e-05,1.56e-06,永远的在固执又扭曲的去证实说喜欢我的人其实没有那么喜欢我，去怀疑去逼问去伤害，把对方伤害走，我就会躲在角落里哭着想“你看啊，就是没有那么喜欢我”我真的是一个垃圾。 ,其他,f
172,杨匪匪匪,1/20/2018 18:41,sadness,0.006996334,0.594493032,0.010947506,0.013866717,0.331989527,0.039080478,0.002626332,生而为人，对三都要不起。 ,其他,f
173,杨匪匪匪,1/21/2018 11:41,disgust,8.92e-05,0.00010825,0.992800593,6e-05,0.006936703,3.96e-06,1.17e-06,遇到半熟不熟的人最尴尬，不知道该不该打招呼，打了招呼怕对方不回，自己很尬，然后每次都是对对方笑一下，然后对方没有回，我回家之后抓耳挠腮的我他妈为什么要笑！！她都没有回！！！！ ,其他,f
174,杨匪匪匪,1/21/2018 18:08,sadness,0.002027441,0.49253878,0.265578747,0.00803998,0.000452223,0.227666542,0.003696314,经常p自己照片，因为p的太好看了，不好意思发，好像诈骗一样，不敢发但是一遍一遍的欣赏。 ,其他,f
175,杨匪匪匪,1/31/2018 22:54,like,2.65e-05,0.001159889,6e-05,0.000258629,1.03e-05,0.998470485,1.4e-05,女孩子真的是很奇怪的生物，你以为看到的就是所有，但嫉妒心，恶毒，自私，虚伪，都像一个个像小恶魔一样，藏在心里，女孩子可爱，但很多女孩子在一起，一点也不可爱，明明刚刚才说过对方坏话，但转头又可以说你是我最重要的人。哭也是真诚的一起难过，笑也是开心的一起经历。那些一起经历的事明明 ...展开全文c,其他,f
176,杨匪匪匪,1/31/2018 23:04,sadness,6.17e-07,0.999985576,7.54e-07,4.96e-06,3.27e-06,2.45e-06,2.37e-06,掏心掏肺这个词，就带着一种不顾一切又不堪一击的信任。这个世界归零，这一刻我只信任你。而这个人背弃你的时候，你就像一个人走在午夜的路灯下，影子拉了好长。 ,其他,f
177,杨匪匪匪,2/5/2018 19:35,happiness,0.001066351,0.005264048,0.001611096,0.843989491,0.073352322,0.074522339,0.00019442,我妹疯了，看着妖猫传看见她的昊然掉河里死了，哭着说着灵魂摆渡的台词。然后刚才她看个笑话笑了，特别生气，骂自己说：昊然刚死我就笑，我怎么能这样。然后我说你不是不追男明星吗。她：他是有趣的灵魂，他又好看。 L杨发财的小木屋的秒拍视频 ,其他,f
178,杨匪匪匪,2/11/2018 20:13,anger,4.08e-05,0.07612697,0.00544023,0.026558053,0.891666472,0.000147642,1.98e-05,我妹摸我脸，说怎么这么粗糙，都有点扎手，我说我是带刺的玫瑰。 ,其他,f
179,杨匪匪匪,2/12/2018 10:21,sadness,3.29e-05,0.999044955,0.000140788,0.000402236,0.000110745,0.00026397,4.24e-06,“人们经常是不讲道理的、没有逻辑的和以自我为中心的。不管怎样，你要原谅他们。即使你是友善的，人们可能还是会说你自私和动机不良 。不管怎样，你还是要友善。当你功成名就，你会有一些虚假的朋友 和一些真实的敌人 。不管怎样，你还是要取得成功。即使你是诚实的和率直的，人们可能还是会欺 ...展开全文c,其他,f
180,杨匪匪匪,2/14/2018 18:21,happiness,1.1e-05,0.044459283,0.000884389,0.952876806,0.001638973,0.000128695,8.12e-07,情人节为什么没有明星公布恋情 ,其他,f
181,杨匪匪匪,2/17/2018 18:54,happiness,8.98e-05,0.029749922,0.002737756,0.826828599,0.000297583,0.139913976,0.000382397,“越堕落越快乐。” ,其他,f
182,杨匪匪匪,2/20/2018 0:43,sadness,8.48e-08,0.999880314,6.27e-06,3.34e-06,0.000101038,8.63e-06,1.81e-07,“别人都赞颂玫瑰香，我偏偏要开出仙人掌” ,其他,f
183,杨匪匪匪,2/22/2018 20:56,sadness,0.018755233,0.574858606,0.059739161,0.18665868,0.127842084,0.005917862,0.026228407,当家人爱面子，而我又很想吃。 ,其他,f
184,杨匪匪匪,2/24/2018 16:48,like,0.003816812,0.226589784,0.139251307,0.171281815,0.028139178,0.421388686,0.009532448,你也爱她吗 ,其他,f
185,杨匪匪匪,2/28/2018 23:18,sadness,0.000396394,0.996122301,0.00227819,0.000330098,0.000250991,0.000465146,0.000156891,但愿你是那知恩知意的心中客不是那无是无非的糊涂人我此来不为求功名啊望先生你啊切勿负我情 ,其他,f
186,杨匪匪匪,3/2/2018 11:21,like,7.54e-06,0.001203546,0.000105485,0.000327366,1.42e-05,0.998340011,1.93e-06,我梦见我在玩橙光游戏，我的任务是攻略易烊千玺，但没有选项，易烊千玺就一直在街上坐着，我的任务是吸引他的注意，梦里的我选择了随地小便。 ,其他,f
187,杨匪匪匪,3/14/2018 21:49,happiness,0.000709219,0.003102627,0.012313035,0.944358706,0.026557505,0.012924284,3.47e-05,很怕一帆风顺这个词，应该是这些年的生活告诉我，一帆风顺的快乐不会属于我，我只能快乐短短一阵子，每当我有好幸福啊的想法时，就会出现一条裂缝，我整个人陷下去，人生会偷偷的捂嘴笑说：高兴的太早了吧。 ,其他,f
188,杨匪匪匪,3/14/2018 21:56,sadness,7.16e-06,0.53907007,0.000845117,0.458793283,0.000404448,0.000824509,5.54e-05,现在养成的一个习惯，虽然偶尔还是改不了，如果有什么对未来美好的期许，一定忍住，忍住，哪怕很想一脸幸福的分享出来，但还是忍住不能说，很怕自己活在电视剧了，说出来就会有画外音说：她不知道她的愿望很多年后落空了。我落空了好多次，哪些次幸福着诉说的笑脸想着应该会变成电视剧里的悲情回放。 ,其他,f
189,杨匪匪匪,3/17/2018 21:27,surprise,0.479150862,0.177867994,0.009423115,0.004857745,0.318534702,0.004989177,0.00517647,自从前两天梦见偷看王思聪洗澡醒了得针眼之后，我眼睛肿到现在，为什么我要偷看他洗澡，让我回到那晚，我一定不进去那个浴室。 ,其他,f
190,杨匪匪匪,3/18/2018 11:01,sadness,2.82e-05,0.851835608,0.040816128,0.051939577,0.051856045,0.003510293,1.42e-05,女孩子的友谊就是要讨厌一样的人！！我讨厌她，你还要和她玩和她好！！她对我不好！你还要和她玩和她好！！就是很奇怪！！我和你好的同时你还对我讨厌的人好！就很生气！！就是要讨厌一样的人！！自私也好，怪脾气也好，就是要这样。我也会这样！你说过不喜欢的人，我就不会再喜欢了！！你也要这样！ ...展开全文c,其他,f
191,杨匪匪匪,4/10/2018 15:46,anger,0.000584086,0.000852706,0.042097107,0.000144592,0.95627588,1.96e-05,2.61e-05,每次网上遇到傻逼，我都要劝自己，既然选择上网，就要明白物种的多样性。 ,其他,f
192,杨匪匪匪,4/14/2018 18:51,like,9.31e-05,0.008386729,0.038429685,0.095322147,0.000857278,0.85621804,0.000693015,转发微博,其他,f
193,杨匪匪匪,4/18/2018 15:49,disgust,0.000288524,0.203649923,0.469630718,0.129765749,0.104113184,0.090106063,0.002445856,一直活着是因为怕疼怕给别人添麻烦才不敢死，如果有不疼的还不给别人造成麻烦的方法，还挺愿意死的。 ,其他,f
194,杨匪匪匪,4/19/2018 17:02,sadness,3.44e-05,0.943444848,0.003707077,0.022512641,0.003973182,0.025506349,0.000821432,不想因为爱情这种事难过了，人生已经很苦了，就不要和让你更苦的人在一起了。想去看大江大河，看日升日落，看潮起潮落， ,其他,f
195,杨匪匪匪,4/20/2018 21:24,fear,0.003663867,0.005225813,0.002544438,0.006574891,0.000597316,0.081771433,0.899622202,我真的好害怕一身都是潮牌而且很酷的人，我就会感觉自己好low，然后很怕惹到对方，然后就好没有自信。 ,其他,f
196,杨匪匪匪,4/21/2018 4:43,sadness,0.0001452,0.550293028,0.000913659,0.007715062,0.00165721,0.43916291,0.000112957,太容易奔溃 又很容易自愈 ,其他,f
197,杨匪匪匪,4/21/2018 23:36,like,0.000928307,0.318872392,0.002928657,0.058261532,0.004411103,0.614219546,0.000378379,林允女士，我再次提醒你，再买微博推荐在我的首页隔一条一个，你将多一个战斗力强的黑粉。 ,其他,f
198,杨匪匪匪,4/22/2018 22:07,sadness,6.66e-06,0.998772919,0.000129588,0.000117806,3.54e-05,0.000912788,2.48e-05,如果你现在很难过，就看一下这些图，我们的一生，痛苦，贫穷，难过，分离，战争，死亡，欣喜，恨意，绝望。无数次的失败，无数次的相爱。无数次化为尘埃又无数次生机勃勃。都在这颗宇宙里渺茫的灰尘一样的小点上。嘲笑是渺小的，被仇视是渺小的，甚至委屈也是渺小的，离别是渺小的。...展开全文c,其他,f
199,杨匪匪匪,4/29/2018 9:44,disgust,0.018211184,0.138118714,0.567441344,0.052817903,0.141469389,0.081329882,0.000611692,其实瘦的人说自己胖，长得好看的人说自己不好看不一定是装逼，其实是了解自己衣服底下的三层肚皮和胳膊上的拜拜肉。也看过自己的几天不洗头的宅样和没化妆的皮肤没有那么好看有斑的脸。每次说完自己胖不好看，别人说你已经很好看了很瘦了，脑子里就会走马灯的播放自己的在家里的逼样。 ,其他,f
200,杨匪匪匪,5/3/2018 12:18,like,9.31e-05,0.008386729,0.038429685,0.095322147,0.000857278,0.85621804,0.000693015,转发微博,其他,f
201,杨匪匪匪,5/20/2018 9:31,happiness,1.77e-05,0.000111791,9.92e-05,0.998509824,1.34e-05,0.001236461,1.16e-05,其实未来结婚的人明年秀的人是不是今天秀的这个人都没什么要紧，爱这个字，本来就是爱在当下，现在痴迷就很珍贵了，被幸福和温柔围绕的傻瓜也是很难很难做的，很多人都没办法做一个甜蜜的傻笑的傻瓜，比如我。你们要爱在当下。 ,其他,f
202,杨匪匪匪,5/23/2018 8:17,surprise,0.505602479,0.09083502,0.080698632,0.216266811,0.083985314,0.021924684,0.000687054,//@北国佳人李春姬:说什么同性伴侣领养孩子会对孩子造成不良影响的蠢猪应该先晃一晃自己猪头里的水。天天猪嘴一张喊着繁殖。不如先思考一下这些弃儿都是谁造成的。是同性恋吗？,其他,f
203,杨匪匪匪,5/23/2018 22:48,like,0.000322534,0.13410674,0.108810581,0.008965626,0.070822679,0.664162278,0.012809499,老天爷保佑，让世界上的傻逼死于非命，好看的傻逼晚一点死但也必须死 ,其他,f
204,杨匪匪匪,5/25/2018 22:28,anger,0.000273212,0.001676743,0.043013055,0.000525794,0.954283357,0.00022075,7.05e-06,不想投票了，感觉101有内定的，然后还压票，赖美云的票还减少了，我的妈，这造假造的太明显了。我感觉我菊出不了道了，我投票投的心难受。 ,其他,f
205,杨匪匪匪,5/27/2018 10:54,sadness,0.000673483,0.990214825,0.000308371,0.004555814,0.002644809,0.00146111,0.000141574,人就是很复杂，很奇怪，陪你彻夜痛哭的人是他，雪中送炭的是他，落井下石的是他，咬牙切齿诅咒你的是他，都是一个人，哭是真的心疼，扶你一把也是真的情意，落井下石也是真的恶毒，诅咒也是真的真心实意期望你坠落深渊。所以我开始试着去接受这种复杂，试着温柔的和解，和自己和解，不能接受人性的肮 ...展开全文c,其他,f
206,杨匪匪匪,5/27/2018 12:08,disgust,0.000378526,0.002136508,0.586167693,0.003279953,0.405781657,0.001880069,0.000375623,天天脱粉算你输，你输了有人在乎吗？？？？？？ ,其他,f
207,杨匪匪匪,5/28/2018 21:24,fear,1.37e-05,8.84e-06,3.63e-06,3.54e-07,1.18e-07,9.33e-06,0.999964118,我从小到大缺失的痛苦的渴望得到的，都渐渐具象化变成我爱的那个人的样子。我一直爱的都是能保护我比我成熟比我聪明的人，是可以原谅我绝望和歇斯底里以及一切高楼倾塌般痛苦。了解我在人多时候的慌乱，也爱我所有的怪和莫名其妙的怪想法，知道我恐惧什么，知道我恐惧被戳穿，恐惧营造出来的强大被说 ...展开全文c,其他,f
208,杨匪匪匪,5/31/2018 12:52,like,0.004653465,0.089354359,0.053130966,0.012202181,0.002915836,0.658201516,0.179541647,每天晚上扑到床上，都要从心里缓缓的喊出几个字：活着好累啊。 ,其他,f
209,杨匪匪匪,6/1/2018 7:21,happiness,3.59e-05,0.303382397,0.000267062,0.607076466,0.000259733,0.088951454,2.71e-05,六一儿童节对于成年人的意义就是，你成为了全世界的大人，但还是一个人的小朋友。 ,其他,f
210,杨匪匪匪,6/1/2018 10:10,sadness,0.000700937,0.636229932,0.015277547,0.008932554,0.007209956,0.33144635,0.00020266,小朋友，该还花呗了。 ,其他,f
211,杨匪匪匪,6/1/2018 21:35,happiness,0.006264355,0.002133995,0.001519605,0.958237231,0.000438937,0.023316285,0.008089588,意识到自己不重要，我会悄悄退后一万步。 ,其他,f
212,杨匪匪匪,6/2/2018 9:28,happiness,0.288510025,0.000653068,0.080432706,0.612742484,0.00811306,0.007227269,0.002321386,......丝芭新招的几期生怎么一个比一个难看..感觉下了公演就马上撸袖子去插秧了从哪选的人 快手社会摇专区选的吗？？？ ,其他,f
213,杨匪匪匪,6/2/2018 12:26,happiness,6.22e-07,4.4e-06,7.18e-06,0.99996829,1.21e-05,6.91e-06,5.71e-07,哈哈哈哈哈哈哈哈哈哈哈哈//@碰辰儿：还是娘娘那句话：嘴馋逼浪，早晚上当,其他,f
214,杨匪匪匪,6/3/2018 8:21,happiness,0.000182929,0.000575722,0.005331588,0.98821193,0.00010974,0.0055841,4.03e-06,我这种人就是需要别人不厌其烦的告诉我，你很棒很厉害我很爱你你很重要，贬低我的哪怕是开玩笑我都会很想哭的陷入痛苦。不是什么自我感觉良好也没有多不要脸。就是太自卑了，一直以来都太自卑了，一直在自己贬低自己，很想做一个人的天下第一。 ,其他,f
215,杨匪匪匪,6/3/2018 16:04,anger,0.012400088,0.001010419,0.244492576,0.195142359,0.544327617,0.002152368,0.000474505,有一点偏见，所有自认为狼性团队天天让员工在外面跳舞喊口号的公司都是傻逼本逼。 ,其他,f
216,杨匪匪匪,6/8/2018 10:49,happiness,1.82e-06,0.001109422,0.000204852,0.998301506,1.46e-05,0.000361379,6.39e-06,想把你变成一个小小的人，装进口袋，一会拿出来亲一下。 ,其他,f
217,杨匪匪匪,6/10/2018 10:01,like,9.31e-05,0.008386729,0.038429685,0.095322147,0.000857278,0.85621804,0.000693015,转发微博,其他,f
218,杨匪匪匪,6/10/2018 19:08,disgust,0.00292687,0.148095101,0.480533391,0.0549265,0.089835584,0.2228567,0.000825845,以前别人说我变了我会伤心，现在就恶心，你管我变不变，你妈尸变你不管？管你爹我变不变？？ ,其他,f
219,杨匪匪匪,6/11/2018 10:23,sadness,1.77e-07,0.999925733,9.52e-07,3.51e-05,1.29e-06,3.6e-05,7.5e-07,想把爷爷奶奶的名字纹在手腕，每次深夜想彻底离去的时候，我就能看见他们的名字，就能继续努力赚钱，就能把叹息变成勇气，给他们更好的生活，想要的我捧在手上递上去，让他们做最幸福的小老头小老太太。如果我没了么办呢，他们怎么活啊。可是抑郁真的很累啊，做大人好累啊，我很怕啊。爷爷奶奶，我 ...展开全文c,其他,f
220,杨匪匪匪,6/11/2018 16:05,like,0.000331894,0.00252026,0.013775519,0.297205597,0.019280376,0.666034579,0.000851813,以前总想做白月光，做白玫瑰，做特别的人，认识你之后想做饭粒子，你如果去找你的白月光，我就打断你的腿，可我不忍心啊，我只会哭，变成了稀饭。 ,其他,f
221,杨匪匪匪,6/12/2018 12:32,sadness,0.00048133,0.833163202,0.001326827,0.133824915,0.030979257,0.000221372,3.12e-06,女人没有应该做的事，如果非要有一个，就是来月经的时候垫卫生巾。 人生也没有非做不可的事，当然做爱还是挺好的。 结婚 生育 工作 怎么死去都是自己的选择，有人热爱，有人不热爱，没什么高低之分我没有办法做到喜欢孩子，也没有结婚的需求。 如果有一天我不好看了，我就一个人去看海，然后跳海。,其他,f
222,杨匪匪匪,6/13/2018 0:10,happiness,0.000824305,0.064938463,0.009842256,0.918305695,0.005080982,0.00070149,0.000306705,又是晕乎乎喝多了的一天。 ,其他,f
223,杨匪匪匪,6/13/2018 12:11,happiness,0.000266706,0.445013374,0.022781679,0.509993732,0.013371224,0.008300525,0.000272725,我发表了头条文章:《是 遗书》 °是 遗书 ,其他,f
224,杨匪匪匪,6/14/2018 8:31,sadness,5.74e-07,0.999009728,0.000173795,0.000409968,0.000131723,0.00027409,6.39e-08,一个人如果在读大冰的书，证明他的能力也就那样。 一个人如果三十岁之后还爱看大冰的书，其实挺悲哀的，真的是深深的悲哀。,其他,f
225,杨匪匪匪,6/14/2018 8:55,sadness,5.96e-06,0.999942303,1.28e-05,2.11e-05,1.43e-06,9.15e-06,7.35e-06,看完了房思琪的初恋乐园，应该是分了一个多月断断续续看完的，是细碎的深沉的绝望，没有铺垫的，像用刀片割开了手腕，然后一个人在你眼前挣扎着死去。写作手法是靠痛苦，直接的看得见的痛苦，每一个字都像被泡在眼泪里烘干了拿出来的，我没有哭，看完之后站在窗边很久，我不知道该想点什么，但我想我 ...展开全文c,其他,f
226,杨匪匪匪,6/14/2018 15:14,anger,0.000865654,0.082589366,0.021491,0.01050514,0.88343662,0.001105722,6.48e-06,@青森三木 下次请你吃烧烤，咱俩是聚不上了。 ,其他,f
227,杨匪匪匪,6/14/2018 20:03,happiness,0.003813353,0.283534586,0.063599586,0.363804042,0.272853643,0.010305839,0.002088922,连就连 ,其他,f
228,杨匪匪匪,6/14/2018 20:37,sadness,8.42e-05,0.957349896,0.022861941,0.007717531,0.005052597,0.006489433,0.000444379,哥哥 我不想死我好难受 你能不能救救我 ,其他,f
